{"_id":{"$oid":"61961779b4f514a25240b7a3"},"code":"DT057G","name":"Webbutveckling I","progression":"A","semester":"HT20","syllabus":"http://www.miun.se/utbildning/kurser/sok-kursplan/kursplan?kursplanid=15472"}
{"_id":{"$oid":"6196181eb4f514a25240b7a4"},"code":"DT093G","name":"Webbutveckling II","progression":"B","semester":"VT21","syllabus":"http://www.miun.se/utbildning/kurser/sok-kursplan/kursplan?kursplanid=15474"}
{"_id":{"$oid":"6196184eb4f514a25240b7a5"},"code":"DT003G","name":"Databaser","progression":"B","semester":"VT21","syllabus":"https://www.miun.se/utbildning/kursplaner-och-utbildningsplaner/Sok-kursplan/kursplan/?kursplanid=21595"}
{"_id":{"$oid":"6196184eb4f514a25240b7a6"},"code":"DT068G","name":"Webbanvändbarhet","progression":"B","semester":"VT21","syllabus":"https://www.miun.se/utbildning/kursplaner-och-utbildningsplaner/Sok-kursplan/kursplan/?kursplanid=30563"}
{"_id":{"$oid":"6196184eb4f514a25240b7a7"},"code":"DT071G","name":"Programmering i C#.NET","progression":"B","semester":"HT21","syllabus":"https://www.miun.se/utbildning/kursplaner-och-utbildningsplaner/Sok-kursplan/kursplan/?kursplanid=25557"}
{"_id":{"$oid":"619618dfb4f514a25240b7a8"},"code":"DT084G","name":"Introduktion till programmering i JavaScript","progression":"A","semester":"HT20","syllabus":"https://www.miun.se/utbildning/kursplaner-och-utbildningsplaner/Sok-kursplan/kursplan/?kursplanid=30554"}
{"_id":{"$oid":"619618dfb4f514a25240b7a9"},"code":"DT102G","name":"ASP.NET med C#","progression":"B","semester":"VT22","syllabus":"https://www.miun.se/utbildning/kursplaner-och-utbildningsplaner/Sok-kursplan/kursplan/?kursplanid=22325"}
{"_id":{"$oid":"619618dfb4f514a25240b7aa"},"code":"DT152G","name":"Webbdesign för CMS","progression":"B","semester":"VT21","syllabus":"https://www.miun.se/utbildning/kursplaner-och-utbildningsplaner/Sok-kursplan/kursplan/?kursplanid=22324"}
{"_id":{"$oid":"619618dfb4f514a25240b7ab"},"code":"DT162G","name":"Javascriptbaserad webbutveckling","progression":"B","semester":"HT21","syllabus":"https://www.miun.se/utbildning/kursplaner-och-utbildningsplaner/Sok-kursplan/kursplan/?kursplanid=24366"}
{"_id":{"$oid":"619618dfb4f514a25240b7ac"},"code":"DT163G","name":"Digital bildbehandling för webb","progression":"A","semester":"HT20","syllabus":"https://www.miun.se/utbildning/kursplaner-och-utbildningsplaner/Sok-kursplan/kursplan/?kursplanid=24403"}
{"_id":{"$oid":"619618dfb4f514a25240b7ad"},"code":"DT173G","name":"Webbutveckling III","progression":"B","semester":"HT21","syllabus":"https://www.miun.se/utbildning/kursplaner-och-utbildningsplaner/Sok-kursplan/kursplan/?kursplanid=22706"}
{"_id":{"$oid":"619618dfb4f514a25240b7ae"},"code":"GD008G","name":"Typografi och form för webb","progression":"A","semester":"HT20","syllabus":"https://www.miun.se/utbildning/kursplaner-och-utbildningsplaner/Sok-kursplan/kursplan/?kursplanid=24399"}
